{"chunk_definitions":[{"row":16,"row_count":1,"visible":true,"expansion_state":0,"options":{"engine":"r","label":"setup","include":false},"document_id":"FF3AFD73","chunk_id":"csetup_chunk","chunk_label":"setup"},{"row":33,"row_count":1,"visible":true,"expansion_state":0,"options":{"engine":"r","label":"unnamed-chunk-37"},"document_id":"FF3AFD73","chunk_id":"crpry823og9ag","chunk_label":"unnamed-chunk-1"},{"row":56,"row_count":1,"visible":true,"expansion_state":0,"options":{"engine":"r","label":"unnamed-chunk-38"},"document_id":"FF3AFD73","chunk_id":"ckrwwxnz39eld","chunk_label":"unnamed-chunk-2"},{"row":65,"row_count":1,"visible":true,"expansion_state":0,"options":{"engine":"r","label":"unnamed-chunk-39"},"document_id":"FF3AFD73","chunk_id":"ckz174bpr391a","chunk_label":"unnamed-chunk-3"},{"row":81,"row_count":1,"visible":true,"expansion_state":0,"options":{"engine":"r","label":"unnamed-chunk-40"},"document_id":"FF3AFD73","chunk_id":"cxgvjlprjxja2","chunk_label":"unnamed-chunk-4"},{"row":98,"row_count":1,"visible":true,"expansion_state":0,"options":{"engine":"r","label":"unnamed-chunk-41"},"document_id":"FF3AFD73","chunk_id":"ccb7j8867qk7t","chunk_label":"unnamed-chunk-5"},{"row":108,"row_count":1,"visible":true,"expansion_state":0,"options":{"engine":"r","label":"unnamed-chunk-42"},"document_id":"FF3AFD73","chunk_id":"c1r99t3usz8q2","chunk_label":"unnamed-chunk-6"}],"doc_write_time":1652100343,"chunk_rendered_width":700,"working_dir":null,"default_chunk_options":{"collapse":true,"comment":"#>"}}