"0","transition1 <- weibull_transition(h01 = 1, h02 = 1.3, h12 = 0.5, p01 = 1.2, p02 = 1.3, p12 = 0.5)"
"0","transition2 <- weibull_transition(h01 = 1, h02 = 1.3, h12 = 1, p01 = 1.2, p02 = 1.3, p12 = 0.5)"
"0","transition3 <- weibull_transition(h01 = 1, h02 = 1.8, h12 = 0.8, p01 = 1.2, p02 = 1.3, p12 = 1)"
"0",""
"0","transitionList <- list(transition1, transition2)"
"0","transitionList2 <- list(transition1, transition2, transition3)"
"0",""
"0","testData <- getClinicalTrials("
"0","  nRep = 10, nPat = c(20, 20),seed = 1234, datType = ""1rowTransition"","
"0","   transitionByArm=transitionList,"
"0","  dropout = list(rate = 0.5, time = 12), accrual = list(param = ""intensity"", value = 7)"
"0","  "
"0",")"
"0",""
"0","testData2 <- getClinicalTrials("
"0","  nRep = 10, nPat = c(20, 20, 20),"
"0","  transitionByArm=transitionList2,"
"0","  dropout = list(rate = 0.5, time = 12), accrual = list(param = ""intensity"", value = 7),"
"0","  seed = 1234, datType = ""1rowPatient"""
"0",")"
"0",""
"0","test1 <- getOneClinicalTrial(c(20, 20), transitionList,"
"0","  dropout = list(rate = 0.5, time = 12),"
"0","  accrual = list(param = ""time"", value = 0)"
"0",")"
