{"chunk_definitions":[{"row":9,"row_count":1,"visible":true,"expansion_state":0,"options":{"engine":"r","label":"setup","include":false},"document_id":"AE597F3E","chunk_id":"csetup_chunk","chunk_label":"setup"},{"row":35,"row_count":1,"visible":true,"expansion_state":0,"options":{"engine":"r","label":"unnamed-chunk-26"},"document_id":"D54C5192","chunk_id":"cttkdpmdxy1ct","chunk_label":"unnamed-chunk-1"},{"row":54,"row_count":1,"visible":true,"expansion_state":0,"options":{"engine":"r","label":"unnamed-chunk-1"},"document_id":"D54C5192","chunk_id":"cin8me86de1jf","chunk_label":"unnamed-chunk-2"},{"row":87,"row_count":1,"visible":true,"expansion_state":0,"options":{"engine":"r","label":"prototype"},"document_id":"D54C5192","chunk_id":"cv44fbq7ys9rx","chunk_label":"prototype"},{"row":132,"row_count":1,"visible":true,"expansion_state":0,"options":{"engine":"r","label":"unnamed-chunk-2"},"document_id":"D54C5192","chunk_id":"cso880lfghh7o","chunk_label":"unnamed-chunk-3"},{"row":162,"row_count":1,"visible":true,"expansion_state":0,"options":{"engine":"r","label":"unnamed-chunk-3"},"document_id":"9EEA0C89","chunk_id":"crnxa3sadjmi7","chunk_label":"unnamed-chunk-4"},{"row":163,"row_count":1,"visible":true,"expansion_state":0,"options":{"engine":"r","label":"unnamed-chunk-44"},"document_id":"D54C5192","chunk_id":"cjk3th0kqassv","chunk_label":""}],"doc_write_time":1644397490,"working_dir":null,"default_chunk_options":{"echo":true}}