{"chunk_definitions":[{"row":9,"row_count":1,"visible":true,"expansion_state":0,"options":{"engine":"r","label":"setup","include":false},"document_id":"AE597F3E","chunk_id":"csetup_chunk","chunk_label":"setup"},{"row":42,"row_count":1,"visible":true,"expansion_state":0,"options":{"engine":"r","label":"prototype"},"document_id":"AE597F3E","chunk_id":"cbsp0hrvv2mej","chunk_label":"prototype"},{"row":80,"row_count":1,"visible":true,"expansion_state":0,"options":{"engine":"r","label":"prototype"},"document_id":"AE597F3E","chunk_id":"c5qqj93b5mm42","chunk_label":"prototype"},{"row":125,"row_count":1,"visible":true,"expansion_state":0,"options":{"engine":"r","label":"unnamed-chunk-26"},"document_id":"AE597F3E","chunk_id":"cshee2wk79g0x","chunk_label":"unnamed-chunk-1"},{"row":152,"row_count":1,"visible":true,"expansion_state":0,"options":{"engine":"r","label":"unnamed-chunk-27"},"document_id":"3F787A18","chunk_id":"c2ef6y7hj30zw","chunk_label":"unnamed-chunk-2"}],"doc_write_time":1643813010,"working_dir":null,"default_chunk_options":{"echo":true}}