"0","#' ... parameters for [getOneClinicalTrial()] "
"0","getClinicalTrials <- function(nRep,seed = 1234, nPat,transitionByArm, dropout,accrual,datType = ""1rowTransition"") {"
"0","  set.seed(seed)"
"0","  # getOneClinicalTrial generates one single clinical trial with multiple arms. Generate nRep simulated trials:"
"0","  simulatedTrials <- replicate("
"0","    nRep,"
"0","    getOneClinicalTrial(nPat,transitionByArm, dropout,accrual),"
"0","    simplify = FALSE"
"0","  )"
"0","  # final data set format: one row per patient or one row per transition"
"0","  if (datType == ""1rowPatient"") {"
"0","    simulatedTrials <- lapply(simulatedTrials, getDatasetWideFormat)"
"0","  }"
"0","  return(simulatedTrials)"
"0","}"
