{"chunk_definitions":[{"row":17,"row_count":1,"visible":true,"expansion_state":0,"options":{"engine":"r","label":"setup","include":false},"document_id":"1E627D3A","chunk_id":"csetup_chunk","chunk_label":"setup"},{"row":39,"row_count":1,"visible":true,"expansion_state":0,"options":{"engine":"r","label":"unnamed-chunk-7"},"document_id":"1E627D3A","chunk_id":"c6kw5g50vms01","chunk_label":"unnamed-chunk-2"},{"row":64,"row_count":1,"visible":true,"expansion_state":0,"options":{"engine":"r","label":"unnamed-chunk-8"},"document_id":"1E627D3A","chunk_id":"c5m3vgzq2zrqb","chunk_label":"unnamed-chunk-3"},{"row":73,"row_count":1,"visible":true,"expansion_state":0,"options":{},"document_id":"1E627D3A","chunk_id":"cxlt0sno0pigl","chunk_label":"unnamed-chunk-4"},{"row":85,"row_count":1,"visible":true,"expansion_state":0,"options":{},"document_id":"1E627D3A","chunk_id":"ck6k8l9dm8rel","chunk_label":"unnamed-chunk-5"},{"row":103,"row_count":1,"visible":true,"expansion_state":0,"options":{},"document_id":"1E627D3A","chunk_id":"crxs9txz080s4","chunk_label":"unnamed-chunk-6"},{"row":113,"row_count":1,"visible":true,"expansion_state":0,"options":{},"document_id":"1E627D3A","chunk_id":"c324q25mbyn9v","chunk_label":"unnamed-chunk-7"}],"doc_write_time":1655899476,"working_dir":null,"default_chunk_options":{"collapse":true,"comment":"#>"}}