"0","####get dataset one row per patient"
"0",""
"0","getDatasetWideFormat <- function(data) {"
"0","  ## recruitment time -> entryAct if from==0"
"0","  recruitTime <- subset(data[, c(""id"", ""entryAct"")], data$from == 0)"
"0","  names(recruitTime)[names(recruitTime) == ""entryAct""] <- ""recruitTime"""
"0",""
"0","  ## time of to==2 or censoring time"
"0","  OStime <- subset(data[, c(""id"", ""exit"")], data$to == 2 | data$to == ""cens"")"
"0","  names(OStime)[names(OStime) == ""exit""] <- ""OStime"""
"0","  ## time of to==2 or to==1 or censored;"
"0","  PFStime <- subset(data[, c(""id"", ""exit"")], (data$to == 2 & data$from == 0) | (data$to == 1) | (data$to == ""cens"" & data$from == 0))"
"0","  names(PFStime)[names(PFStime) == ""exit""] <- ""PFStime"""
"0",""
"0","  ## censored 1=yes, 0=no"
"0","  censoredIdsPFS <- data$id[data$to == ""cens"" & data$from == 0]"
"0","  censoredIdsOS <- data$id[data$to == ""cens""]"
"0","  id <- unique(data$id)"
"0","  CensoredOS <- cbind(id = id, CensoredOS = as.integer(id %in% censoredIdsOS))"
"0","  CensoredPFS <- cbind(id = id, CensoredPFS = as.integer(id %in% censoredIdsPFS))"
"0",""
"0","  ### merge"
"0","  newdata <- unique(data[, c(""id"", ""trt"")])"
"0","  newdata <- merge(x = newdata, y = PFStime, by = ""id"")"
"0","  newdata <- merge(x = newdata, y = CensoredPFS, by = ""id"")"
"0","  # PFSevent observed"
"0","  newdata$PFSevent <- abs(1 - newdata$CensoredPFS)"
"0","  newdata <- merge(x = newdata, y = OStime, by = ""id"")"
"0","  newdata <- merge(x = newdata, y = CensoredOS, by = ""id"")"
"0","  ## OS event observed"
"0","  newdata$OSevent <- abs(1 - newdata$CensoredOS)"
"0","  newdata <- merge(x = newdata, y = recruitTime, by = ""id"")"
"0",""
"0","  ### calendar times"
"0","  newdata$OStimeCal <- newdata$OStime + newdata$recruitTime"
"0","  newdata$PFStimeCal <- newdata$PFStime + newdata$recruitTime"
"0",""
"0","  return(newdata)"
"0","}"
