"0","getOneClinicalTrial <- function(nPat, transitionByArm,"
"0","                                dropout = list(rate = 0, time = 12),"
"0","                                accrual = list(param = ""time"", value = 0)) {"
"0","  "
"0","  assert_list(transitionByArm)"
"0","  nPat <- as.integer(nPat)"
"0","  nArm <- length(transitionByArm)"
"0",""
"0","  assert_integer(nPat,"
"0","    lower = 1,"
"0","    any.missing = FALSE,"
"0","    all.missing = FALSE,"
"0","    len = nArm,"
"0","  )"
"0","  # each loop simulates one trial arm"
"0","  # starting values for loop "
"0","  simdata <- NULL"
"0","  previousPts <- 0"
"0","  for (i in 1:nArm) {"
"0","    group <- getSimulatedData(nPat[i], transitionByArm[[i]], dropout, accrual)"
"0","    group$trt <- i"
"0","    group$id <- group$id + previousPts"
"0","    simdata <- rbind(simdata, group)"
"0","    previousPts <- previousPts + nPat[i]"
"0","  }"
"0","  return(simdata)"
"0","}"
"0",""
